iter	RMSE	RMSE	RMSE	RMSE	RMSE
0	14.26196435	13.38968918	13.18592803	12.9292918	14.02836488
